class,stop_id,filename,success,reason,candidate_count,score,area_ratio,aspect_ratio,rectangularity,white_ratio,dark_ring_ratio,output_path
free,stop_001,0000.jpg,True,,1,10.254705,0.062456,1.506367,0.886294,0.761491,0.179180,results/rectified_dataset/images/free/stop_001/0000.jpg
free,stop_001,0001.jpg,True,,1,10.278545,0.062630,1.499478,0.888766,0.756165,0.183401,results/rectified_dataset/images/free/stop_001/0001.jpg
free,stop_001,0002.jpg,True,,1,10.268145,0.061774,1.493248,0.876617,0.758224,0.176867,results/rectified_dataset/images/free/stop_001/0002.jpg
free,stop_001,0003.jpg,True,,1,10.218054,0.062646,1.518359,0.888997,0.760227,0.176907,results/rectified_dataset/images/free/stop_001/0003.jpg
free,stop_001,0004.jpg,True,,1,10.248480,0.061893,1.503024,0.878303,0.756747,0.180844,results/rectified_dataset/images/free/stop_001/0004.jpg
free,stop_002,0005.jpg,True,,1,10.305882,0.057417,1.469350,0.893036,0.754602,0.182427,results/rectified_dataset/images/free/stop_002/0005.jpg
free,stop_002,0006.jpg,True,,1,10.306814,0.057004,1.489712,0.889006,0.756818,0.182914,results/rectified_dataset/images/free/stop_002/0006.jpg
free,stop_002,0007.jpg,True,,1,10.123400,0.057025,1.544981,0.894687,0.764545,0.160106,results/rectified_dataset/images/free/stop_002/0007.jpg
free,stop_002,0008.jpg,True,,1,10.284812,0.057262,1.500830,0.892274,0.757514,0.184821,results/rectified_dataset/images/free/stop_002/0008.jpg
free,stop_002,0009.jpg,True,,1,10.242478,0.057471,1.512741,0.892884,0.760028,0.178328,results/rectified_dataset/images/free/stop_002/0009.jpg
free,stop_003,0010.jpg,True,,1,10.387737,0.072562,1.506851,0.873195,0.739688,0.272565,results/rectified_dataset/images/free/stop_003/0010.jpg
free,stop_003,0011.jpg,True,,1,10.392043,0.072435,1.506433,0.869806,0.735952,0.279464,results/rectified_dataset/images/free/stop_003/0011.jpg
free,stop_003,0012.jpg,True,,1,10.370585,0.072562,1.520052,0.874553,0.736293,0.284375,results/rectified_dataset/images/free/stop_003/0012.jpg
free,stop_003,0013.jpg,True,,1,10.383675,0.072407,1.515243,0.872881,0.735909,0.285593,results/rectified_dataset/images/free/stop_003/0013.jpg
free,stop_003,0014.jpg,True,,1,10.418975,0.072456,1.494064,0.870555,0.735170,0.275284,results/rectified_dataset/images/free/stop_003/0014.jpg
free,stop_004,0015.jpg,True,,1,10.330628,0.081761,1.500053,0.874947,0.763693,0.221347,results/rectified_dataset/images/free/stop_004/0015.jpg
free,stop_004,0016.jpg,True,,1,10.245377,0.082100,1.447423,0.881143,0.742585,0.203166,results/rectified_dataset/images/free/stop_004/0016.jpg
free,stop_004,0017.jpg,True,,1,10.365467,0.081868,1.484663,0.876502,0.759105,0.217898,results/rectified_dataset/images/free/stop_004/0017.jpg
free,stop_004,0018.jpg,True,,1,10.354836,0.081717,1.487876,0.872387,0.758736,0.220536,results/rectified_dataset/images/free/stop_004/0018.jpg
free,stop_004,0019.jpg,True,,1,10.365568,0.081906,1.484663,0.878717,0.758636,0.216640,results/rectified_dataset/images/free/stop_004/0019.jpg
free,stop_005,0020.jpg,True,,1,10.070395,0.093846,1.449915,0.901824,0.758707,0.103612,results/rectified_dataset/images/free/stop_005/0020.jpg
free,stop_005,0021.jpg,True,,1,10.127851,0.094139,1.460073,0.910793,0.762713,0.109253,results/rectified_dataset/images/free/stop_005/0021.jpg
free,stop_005,0022.jpg,True,,1,10.080308,0.094183,1.449915,0.911218,0.758139,0.101948,results/rectified_dataset/images/free/stop_005/0022.jpg
free,stop_005,0023.jpg,True,,1,10.062963,0.093965,1.449915,0.900211,0.758395,0.101339,results/rectified_dataset/images/free/stop_005/0023.jpg
free,stop_005,0024.jpg,True,,1,10.121516,0.094469,1.463473,0.904957,0.763153,0.105276,results/rectified_dataset/images/free/stop_005/0024.jpg
free,stop_006,0025.jpg,True,,1,10.151124,0.094121,1.465230,0.902287,0.765185,0.118628,results/rectified_dataset/images/free/stop_006/0025.jpg
free,stop_006,0026.jpg,True,,1,10.120278,0.093730,1.460073,0.900714,0.760980,0.114326,results/rectified_dataset/images/free/stop_006/0026.jpg
free,stop_006,0027.jpg,True,,1,10.106351,0.094504,1.462095,0.899844,0.764801,0.102841,results/rectified_dataset/images/free/stop_006/0027.jpg
free,stop_006,0028.jpg,True,,1,10.103821,0.093289,1.456894,0.902573,0.756847,0.100771,results/rectified_dataset/images/free/stop_006/0028.jpg
free,stop_006,0029.jpg,True,,1,10.252983,0.090516,1.492913,0.925309,0.799063,0.108604,results/rectified_dataset/images/free/stop_006/0029.jpg
free,stop_007,0030.jpg,True,,1,10.123095,0.081932,1.459544,0.901376,0.765156,0.101867,results/rectified_dataset/images/free/stop_007/0030.jpg
free,stop_007,0031.jpg,True,,1,10.147934,0.081720,1.492079,0.894763,0.774957,0.101664,results/rectified_dataset/images/free/stop_007/0031.jpg
free,stop_007,0032.jpg,True,,1,10.126761,0.082008,1.463324,0.897376,0.768026,0.099148,results/rectified_dataset/images/free/stop_007/0032.jpg
free,stop_007,0033.jpg,True,,1,10.121657,0.082095,1.459774,0.898323,0.764943,0.102110,results/rectified_dataset/images/free/stop_007/0033.jpg
free,stop_007,0034.jpg,True,,1,10.082222,0.082147,1.452893,0.909781,0.760241,0.085998,results/rectified_dataset/images/free/stop_007/0034.jpg
free,stop_008,0035.jpg,True,,2,10.147535,0.127676,1.502004,0.865599,0.751477,0.199107,results/rectified_dataset/images/free/stop_008/0035.jpg
free,stop_008,0036.jpg,True,,1,10.184822,0.128133,1.482126,0.865319,0.746477,0.192735,results/rectified_dataset/images/free/stop_008/0036.jpg
free,stop_008,0037.jpg,True,,1,10.150988,0.128257,1.502353,0.869538,0.752940,0.197281,results/rectified_dataset/images/free/stop_008/0037.jpg
free,stop_008,0038.jpg,True,,1,10.161047,0.128363,1.494861,0.865366,0.756193,0.194034,results/rectified_dataset/images/free/stop_008/0038.jpg
free,stop_008,0039.jpg,True,,1,10.169840,0.127926,1.480566,0.862425,0.748168,0.184497,results/rectified_dataset/images/free/stop_008/0039.jpg
free,stop_009,0040.jpg,True,,1,10.006929,0.131068,1.453230,0.900270,0.760298,0.101258,results/rectified_dataset/images/free/stop_009/0040.jpg
free,stop_009,0041.jpg,True,,1,10.001595,0.130534,1.453439,0.897002,0.760369,0.100690,results/rectified_dataset/images/free/stop_009/0041.jpg
free,stop_009,0042.jpg,True,,1,10.030083,0.130514,1.462165,0.897129,0.761747,0.101339,results/rectified_dataset/images/free/stop_009/0042.jpg
free,stop_009,0043.jpg,True,,1,10.039098,0.131128,1.462165,0.902846,0.761392,0.101826,results/rectified_dataset/images/free/stop_009/0043.jpg
free,stop_009,0044.jpg,True,,1,10.066166,0.130571,1.466643,0.902275,0.764403,0.107711,results/rectified_dataset/images/free/stop_009/0044.jpg
free,stop_010,0045.jpg,True,,1,10.143697,0.099666,1.467766,0.884081,0.753480,0.136039,results/rectified_dataset/images/free/stop_010/0045.jpg
free,stop_010,0046.jpg,True,,1,10.061881,0.099453,1.454286,0.878234,0.748722,0.121185,results/rectified_dataset/images/free/stop_010/0046.jpg
free,stop_010,0047.jpg,True,,1,10.131491,0.099689,1.465742,0.880318,0.751648,0.136445,results/rectified_dataset/images/free/stop_010/0047.jpg
free,stop_010,0048.jpg,True,,1,10.114196,0.099481,1.462342,0.878478,0.753494,0.133807,results/rectified_dataset/images/free/stop_010/0048.jpg
free,stop_010,0049.jpg,True,,1,10.026306,0.099574,1.443981,0.879297,0.744815,0.120252,results/rectified_dataset/images/free/stop_010/0049.jpg
free,stop_011,0050.jpg,True,,1,10.111753,0.079316,1.456364,0.903042,0.763281,0.096266,results/rectified_dataset/images/free/stop_011/0050.jpg
free,stop_011,0051.jpg,True,,1,10.093807,0.079408,1.459780,0.904858,0.759687,0.082589,results/rectified_dataset/images/free/stop_011/0051.jpg
free,stop_011,0052.jpg,True,,1,10.179927,0.079471,1.476902,0.907560,0.766974,0.096591,results/rectified_dataset/images/free/stop_011/0052.jpg
free,stop_011,0053.jpg,True,,1,10.161259,0.079598,1.471053,0.910205,0.764418,0.094968,results/rectified_dataset/images/free/stop_011/0053.jpg
free,stop_011,0054.jpg,True,,1,10.083920,0.079523,1.454100,0.905064,0.762017,0.085593,results/rectified_dataset/images/free/stop_011/0054.jpg
free,stop_012,0055.jpg,True,,1,10.104176,0.056300,1.446198,0.899799,0.747997,0.114529,results/rectified_dataset/images/free/stop_012/0055.jpg
free,stop_012,0056.jpg,True,,1,10.057596,0.056175,1.432405,0.905015,0.745739,0.108726,results/rectified_dataset/images/free/stop_012/0056.jpg
free,stop_012,0057.jpg,True,,1,10.158915,0.056271,1.456995,0.902087,0.750597,0.122808,results/rectified_dataset/images/free/stop_012/0057.jpg
free,stop_012,0058.jpg,True,,1,10.123620,0.056253,1.446154,0.901860,0.752869,0.119115,results/rectified_dataset/images/free/stop_012/0058.jpg
free,stop_012,0059.jpg,True,,1,10.070752,0.056541,1.437308,0.906758,0.745483,0.107183,results/rectified_dataset/images/free/stop_012/0059.jpg
busy_5,stop_001,0000.jpg,True,,1,10.152040,0.054635,1.507278,0.887668,0.776094,0.117167,results/rectified_dataset/images/busy_5/stop_001/0000.jpg
busy_5,stop_001,0001.jpg,True,,1,10.138712,0.054735,1.514655,0.893913,0.777017,0.115666,results/rectified_dataset/images/busy_5/stop_001/0001.jpg
busy_5,stop_001,0002.jpg,True,,1,10.200783,0.054958,1.472094,0.897554,0.769759,0.111201,results/rectified_dataset/images/busy_5/stop_001/0002.jpg
busy_5,stop_001,0003.jpg,True,,1,10.143199,0.055187,1.515100,0.901302,0.777472,0.112662,results/rectified_dataset/images/busy_5/stop_001/0003.jpg
busy_5,stop_001,0004.jpg,True,,1,10.194956,0.055864,1.465252,0.912360,0.767401,0.108726,results/rectified_dataset/images/busy_5/stop_001/0004.jpg
busy_5,stop_002,0005.jpg,True,,1,10.188299,0.071271,1.468044,0.895847,0.766520,0.120820,results/rectified_dataset/images/busy_5/stop_002/0005.jpg
busy_5,stop_002,0006.jpg,True,,1,10.190587,0.071136,1.468267,0.894149,0.761662,0.125406,results/rectified_dataset/images/busy_5/stop_002/0006.jpg
busy_5,stop_002,0007.jpg,True,,1,10.185874,0.071064,1.471603,0.896834,0.766335,0.113920,results/rectified_dataset/images/busy_5/stop_002/0007.jpg
busy_5,stop_002,0008.jpg,True,,1,10.158827,0.071287,1.458061,0.899780,0.763835,0.118831,results/rectified_dataset/images/busy_5/stop_002/0008.jpg
busy_5,stop_002,0009.jpg,True,,1,10.179860,0.071260,1.465890,0.899901,0.761065,0.118994,results/rectified_dataset/images/busy_5/stop_002/0009.jpg
busy_5,stop_003,0010.jpg,True,,1,10.140869,0.081722,1.459104,0.911682,0.770568,0.101907,results/rectified_dataset/images/busy_5/stop_003/0010.jpg
busy_5,stop_003,0011.jpg,True,,1,10.122382,0.081777,1.459546,0.912673,0.768722,0.091518,results/rectified_dataset/images/busy_5/stop_003/0011.jpg
busy_5,stop_003,0012.jpg,True,,1,10.158568,0.081779,1.468428,0.912365,0.771435,0.095698,results/rectified_dataset/images/busy_5/stop_003/0012.jpg
busy_5,stop_003,0013.jpg,True,,1,10.125984,0.081805,1.459546,0.917172,0.769006,0.089732,results/rectified_dataset/images/busy_5/stop_003/0013.jpg
busy_5,stop_003,0014.jpg,True,,1,10.067388,0.082046,1.448473,0.911318,0.767330,0.081899,results/rectified_dataset/images/busy_5/stop_003/0014.jpg
busy_5,stop_004,0015.jpg,True,,1,10.142206,0.090877,1.466687,0.879248,0.756790,0.136242,results/rectified_dataset/images/busy_5/stop_004/0015.jpg
busy_5,stop_004,0016.jpg,True,,1,10.118884,0.090843,1.469992,0.876198,0.754176,0.124107,results/rectified_dataset/images/busy_5/stop_004/0016.jpg
busy_5,stop_004,0017.jpg,True,,1,10.026855,0.090591,1.451047,0.877169,0.748594,0.108036,results/rectified_dataset/images/busy_5/stop_004/0017.jpg
busy_5,stop_004,0018.jpg,True,,1,10.102635,0.090636,1.461680,0.880656,0.752727,0.123864,results/rectified_dataset/images/busy_5/stop_004/0018.jpg
busy_5,stop_004,0019.jpg,True,,1,10.096098,0.090955,1.458354,0.882670,0.752585,0.126258,results/rectified_dataset/images/busy_5/stop_004/0019.jpg
busy_5,stop_005,0020.jpg,True,,1,9.963931,0.081997,1.423471,0.898839,0.756619,0.080966,results/rectified_dataset/images/busy_5/stop_005/0020.jpg
busy_5,stop_005,0021.jpg,True,,1,9.943790,0.081528,1.425707,0.892039,0.755781,0.070536,results/rectified_dataset/images/busy_5/stop_005/0021.jpg
busy_5,stop_005,0022.jpg,True,,1,10.079675,0.082155,1.442682,0.899209,0.764716,0.104464,results/rectified_dataset/images/busy_5/stop_005/0022.jpg
busy_5,stop_005,0023.jpg,True,,1,9.988459,0.082075,1.426683,0.898826,0.754119,0.087054,results/rectified_dataset/images/busy_5/stop_005/0023.jpg
busy_5,stop_005,0024.jpg,True,,1,9.977018,0.081782,1.423122,0.889496,0.757060,0.092370,results/rectified_dataset/images/busy_5/stop_005/0024.jpg
busy_5,stop_006,0025.jpg,True,,1,9.967836,0.115506,1.442231,0.901288,0.766548,0.078084,results/rectified_dataset/images/busy_5/stop_006/0025.jpg
busy_5,stop_006,0026.jpg,True,,1,9.944807,0.115378,1.431569,0.901808,0.766264,0.083360,results/rectified_dataset/images/busy_5/stop_006/0026.jpg
busy_5,stop_006,0027.jpg,True,,1,9.934788,0.115327,1.434252,0.902426,0.764190,0.073295,results/rectified_dataset/images/busy_5/stop_006/0027.jpg
busy_5,stop_006,0028.jpg,True,,1,9.879922,0.114779,1.419515,0.896356,0.763324,0.072119,results/rectified_dataset/images/busy_5/stop_006/0028.jpg
busy_5,stop_006,0029.jpg,True,,1,9.929476,0.115441,1.426702,0.902035,0.765398,0.082549,results/rectified_dataset/images/busy_5/stop_006/0029.jpg
busy_5,stop_007,0030.jpg,True,,1,10.014942,0.078647,1.422837,0.889065,0.757017,0.112094,results/rectified_dataset/images/busy_5/stop_007/0030.jpg
busy_5,stop_007,0031.jpg,True,,1,10.034157,0.078418,1.431362,0.888300,0.757045,0.109497,results/rectified_dataset/images/busy_5/stop_007/0031.jpg
busy_5,stop_007,0032.jpg,True,,1,9.956936,0.078771,1.415684,0.891104,0.753551,0.093222,results/rectified_dataset/images/busy_5/stop_007/0032.jpg
busy_5,stop_007,0033.jpg,True,,1,10.044213,0.078789,1.431603,0.890061,0.758636,0.112825,results/rectified_dataset/images/busy_5/stop_007/0033.jpg
busy_5,stop_007,0034.jpg,True,,1,10.101484,0.078755,1.442516,0.891728,0.764759,0.121185,results/rectified_dataset/images/busy_5/stop_007/0034.jpg
busy_5,stop_008,0035.jpg,True,,1,9.936852,0.111686,1.426865,0.907525,0.765795,0.076380,results/rectified_dataset/images/busy_5/stop_008/0035.jpg
busy_5,stop_008,0036.jpg,True,,1,10.004320,0.111427,1.443307,0.907886,0.768991,0.084537,results/rectified_dataset/images/busy_5/stop_008/0036.jpg
busy_5,stop_008,0037.jpg,True,,1,9.955873,0.111403,1.434367,0.905107,0.767159,0.076542,results/rectified_dataset/images/busy_5/stop_008/0037.jpg
busy_5,stop_008,0038.jpg,True,,1,9.941129,0.112091,1.429918,0.912884,0.765156,0.070617,results/rectified_dataset/images/busy_5/stop_008/0038.jpg
busy_5,stop_008,0039.jpg,True,,1,9.950115,0.111536,1.431671,0.906134,0.767756,0.076299,results/rectified_dataset/images/busy_5/stop_008/0039.jpg
busy_5,stop_009,0040.jpg,True,,1,9.892467,0.127979,1.434858,0.893418,0.764915,0.067898,results/rectified_dataset/images/busy_5/stop_009/0040.jpg
busy_5,stop_009,0041.jpg,True,,1,9.915987,0.128283,1.431831,0.894453,0.767741,0.083401,results/rectified_dataset/images/busy_5/stop_009/0041.jpg
busy_5,stop_009,0042.jpg,True,,1,9.916783,0.128799,1.434740,0.895507,0.767955,0.078693,results/rectified_dataset/images/busy_5/stop_009/0042.jpg
busy_5,stop_009,0043.jpg,True,,1,9.873670,0.128924,1.426465,0.895865,0.765412,0.069440,results/rectified_dataset/images/busy_5/stop_009/0043.jpg
busy_5,stop_009,0044.jpg,True,,1,9.950834,0.129412,1.441930,0.901247,0.770369,0.079911,results/rectified_dataset/images/busy_5/stop_009/0044.jpg
busy_5,stop_010,0045.jpg,True,,2,10.104632,0.064782,1.444380,0.901152,0.768864,0.100690,results/rectified_dataset/images/busy_5/stop_010/0045.jpg
busy_5,stop_010,0046.jpg,True,,2,10.159208,0.064909,1.460112,0.901407,0.771023,0.103693,results/rectified_dataset/images/busy_5/stop_010/0046.jpg
busy_5,stop_010,0047.jpg,True,,1,10.087080,0.064767,1.446565,0.905949,0.763139,0.089489,results/rectified_dataset/images/busy_5/stop_010/0047.jpg
busy_5,stop_010,0048.jpg,True,,1,10.055492,0.064935,1.436156,0.904113,0.763636,0.089570,results/rectified_dataset/images/busy_5/stop_010/0048.jpg
busy_5,stop_010,0049.jpg,True,,2,10.194646,0.064648,1.470837,0.899807,0.771165,0.107183,results/rectified_dataset/images/busy_5/stop_010/0049.jpg
busy_5,stop_011,0050.jpg,True,,1,10.110702,0.063905,1.450902,0.895225,0.762301,0.103774,results/rectified_dataset/images/busy_5/stop_011/0050.jpg
busy_5,stop_011,0051.jpg,True,,1,10.165290,0.064118,1.463375,0.902538,0.767244,0.104058,results/rectified_dataset/images/busy_5/stop_011/0051.jpg
busy_5,stop_011,0052.jpg,True,,1,10.145823,0.063953,1.456851,0.912992,0.758565,0.102313,results/rectified_dataset/images/busy_5/stop_011/0052.jpg
busy_5,stop_011,0053.jpg,True,,1,10.150962,0.061675,1.463696,0.891575,0.768097,0.104018,results/rectified_dataset/images/busy_5/stop_011/0053.jpg
busy_5,stop_011,0054.jpg,True,,2,10.074688,0.061450,1.436604,0.893378,0.752926,0.114610,results/rectified_dataset/images/busy_5/stop_011/0054.jpg
busy_5,stop_012,0055.jpg,True,,1,10.075972,0.079552,1.438298,0.908044,0.768679,0.103328,results/rectified_dataset/images/busy_5/stop_012/0055.jpg
busy_5,stop_012,0056.jpg,True,,1,10.115740,0.079639,1.449083,0.909517,0.769062,0.106412,results/rectified_dataset/images/busy_5/stop_012/0056.jpg
busy_5,stop_012,0057.jpg,True,,1,10.071260,0.079803,1.438360,0.911315,0.767940,0.098985,results/rectified_dataset/images/busy_5/stop_012/0057.jpg
busy_5,stop_012,0058.jpg,True,,1,10.063884,0.079876,1.438292,0.913182,0.765909,0.094359,results/rectified_dataset/images/busy_5/stop_012/0058.jpg
busy_5,stop_012,0059.jpg,True,,1,10.040496,0.079891,1.433035,0.913212,0.765781,0.090828,results/rectified_dataset/images/busy_5/stop_012/0059.jpg
busy_6,stop_001,0000.jpg,True,,1,9.947070,0.064157,1.426561,0.910431,0.751634,0.053328,results/rectified_dataset/images/busy_6/stop_001/0000.jpg
busy_6,stop_001,0001.jpg,True,,1,9.967832,0.063859,1.432532,0.906204,0.751889,0.058157,results/rectified_dataset/images/busy_6/stop_001/0001.jpg
busy_6,stop_001,0002.jpg,True,,1,10.020704,0.063870,1.438576,0.913795,0.753693,0.068912,results/rectified_dataset/images/busy_6/stop_001/0002.jpg
busy_6,stop_001,0003.jpg,True,,1,10.013075,0.063936,1.438576,0.914726,0.753466,0.064570,results/rectified_dataset/images/busy_6/stop_001/0003.jpg
busy_6,stop_001,0004.jpg,True,,1,10.005938,0.063672,1.438576,0.912994,0.750710,0.064367,results/rectified_dataset/images/busy_6/stop_001/0004.jpg
busy_6,stop_002,0005.jpg,True,,2,10.024348,0.078141,1.449230,0.865981,0.744034,0.098620,results/rectified_dataset/images/busy_6/stop_002/0005.jpg
busy_6,stop_002,0006.jpg,True,,2,10.053552,0.080260,1.444953,0.886906,0.747628,0.102679,results/rectified_dataset/images/busy_6/stop_002/0006.jpg
busy_6,stop_002,0007.jpg,True,,2,9.924556,0.080869,1.432603,0.880957,0.739545,0.064610,results/rectified_dataset/images/busy_6/stop_002/0007.jpg
busy_6,stop_002,0008.jpg,True,,2,10.002744,0.080423,1.439477,0.882357,0.743736,0.089692,results/rectified_dataset/images/busy_6/stop_002/0008.jpg
busy_6,stop_002,0009.jpg,True,,2,10.031191,0.080399,1.446650,0.888435,0.745639,0.088839,results/rectified_dataset/images/busy_6/stop_002/0009.jpg
busy_6,stop_003,0010.jpg,True,,1,9.913826,0.091966,1.415835,0.906559,0.763793,0.055073,results/rectified_dataset/images/busy_6/stop_003/0010.jpg
busy_6,stop_003,0011.jpg,True,,1,9.865223,0.091255,1.404133,0.899548,0.761435,0.053937,results/rectified_dataset/images/busy_6/stop_003/0011.jpg
busy_6,stop_003,0012.jpg,True,,1,9.915178,0.091774,1.420751,0.900418,0.763026,0.053328,results/rectified_dataset/images/busy_6/stop_003/0012.jpg
busy_6,stop_003,0013.jpg,True,,1,9.922526,0.091436,1.413930,0.901328,0.765966,0.065016,results/rectified_dataset/images/busy_6/stop_003/0013.jpg
busy_6,stop_003,0014.jpg,True,,1,9.876938,0.091768,1.409331,0.900355,0.760795,0.051664,results/rectified_dataset/images/busy_6/stop_003/0014.jpg
busy_6,stop_004,0015.jpg,True,,1,9.903740,0.117832,1.432524,0.914279,0.768565,0.038231,results/rectified_dataset/images/busy_6/stop_004/0015.jpg
busy_6,stop_004,0016.jpg,True,,1,9.904765,0.118379,1.426699,0.918699,0.768565,0.043750,results/rectified_dataset/images/busy_6/stop_004/0016.jpg
busy_6,stop_004,0017.jpg,True,,1,9.909730,0.118810,1.428507,0.921948,0.769957,0.040747,results/rectified_dataset/images/busy_6/stop_004/0017.jpg
busy_6,stop_004,0018.jpg,True,,1,9.910480,0.118345,1.432524,0.918260,0.768807,0.038433,results/rectified_dataset/images/busy_6/stop_004/0018.jpg
busy_6,stop_004,0019.jpg,True,,1,9.917758,0.118312,1.435776,0.918077,0.770625,0.036201,results/rectified_dataset/images/busy_6/stop_004/0019.jpg
busy_6,stop_005,0020.jpg,True,,1,10.032186,0.108110,1.521409,0.835781,0.475483,0.359740,results/rectified_dataset/images/busy_6/stop_005/0020.jpg
busy_6,stop_005,0021.jpg,True,,2,9.999149,0.098205,1.450162,0.881785,0.745057,0.085958,results/rectified_dataset/images/busy_6/stop_005/0021.jpg
busy_6,stop_005,0022.jpg,True,,2,9.944905,0.093477,1.426077,0.906668,0.748338,0.069805,results/rectified_dataset/images/busy_6/stop_005/0022.jpg
busy_6,stop_005,0023.jpg,True,,2,9.943417,0.092746,1.426008,0.899580,0.748722,0.074188,results/rectified_dataset/images/busy_6/stop_005/0023.jpg
busy_6,stop_005,0024.jpg,True,,2,9.907562,0.092690,1.417692,0.899043,0.745455,0.070414,results/rectified_dataset/images/busy_6/stop_005/0024.jpg
busy_6,stop_006,0025.jpg,True,,1,9.918784,0.090275,1.413976,0.903555,0.765213,0.059659,results/rectified_dataset/images/busy_6/stop_006/0025.jpg
busy_6,stop_006,0026.jpg,True,,1,9.942646,0.090397,1.422188,0.905740,0.765227,0.057630,results/rectified_dataset/images/busy_6/stop_006/0026.jpg
busy_6,stop_006,0027.jpg,True,,1,9.948210,0.090640,1.422188,0.908170,0.765966,0.058036,results/rectified_dataset/images/busy_6/stop_006/0027.jpg
busy_6,stop_006,0028.jpg,True,,1,9.868134,0.090119,1.409073,0.890750,0.765994,0.048620,results/rectified_dataset/images/busy_6/stop_006/0028.jpg
busy_6,stop_006,0029.jpg,True,,1,9.928463,0.090301,1.418915,0.898623,0.764957,0.060755,results/rectified_dataset/images/busy_6/stop_006/0029.jpg
busy_6,stop_007,0030.jpg,True,,2,9.979032,0.080418,1.443947,0.887594,0.733565,0.078044,results/rectified_dataset/images/busy_6/stop_007/0030.jpg
busy_6,stop_007,0031.jpg,True,,2,10.001572,0.079906,1.449220,0.881614,0.731960,0.086891,results/rectified_dataset/images/busy_6/stop_007/0031.jpg
busy_6,stop_007,0032.jpg,True,,2,10.088464,0.080264,1.464217,0.891264,0.741449,0.096875,results/rectified_dataset/images/busy_6/stop_007/0032.jpg
busy_6,stop_007,0033.jpg,True,,2,10.082204,0.079784,1.460629,0.880495,0.743054,0.106899,results/rectified_dataset/images/busy_6/stop_007/0033.jpg
busy_6,stop_007,0034.jpg,True,,2,10.126796,0.080446,1.467431,0.888067,0.744517,0.112703,results/rectified_dataset/images/busy_6/stop_007/0034.jpg
busy_6,stop_008,0035.jpg,True,,2,9.915974,0.068177,1.418989,0.889266,0.728665,0.081696,results/rectified_dataset/images/busy_6/stop_008/0035.jpg
busy_6,stop_008,0036.jpg,True,,1,9.970897,0.062686,1.436240,0.896842,0.743082,0.068019,results/rectified_dataset/images/busy_6/stop_008/0036.jpg
busy_6,stop_008,0037.jpg,True,,1,9.982515,0.059878,1.428540,0.917445,0.757500,0.058563,results/rectified_dataset/images/busy_6/stop_008/0037.jpg
busy_6,stop_008,0038.jpg,True,,1,10.000409,0.059598,1.434731,0.909886,0.758594,0.063515,results/rectified_dataset/images/busy_6/stop_008/0038.jpg
busy_6,stop_008,0039.jpg,True,,1,9.919217,0.059655,1.417923,0.908217,0.755412,0.050568,results/rectified_dataset/images/busy_6/stop_008/0039.jpg
busy_6,stop_009,0040.jpg,True,,1,9.669731,0.049990,1.447939,0.911503,0.756307,0.061445,results/rectified_dataset/images/busy_6/stop_009/0040.jpg
busy_6,stop_009,0041.jpg,True,,2,9.946106,0.055679,1.419798,0.899101,0.739489,0.080114,results/rectified_dataset/images/busy_6/stop_009/0041.jpg
busy_6,stop_009,0042.jpg,True,,2,9.963952,0.055212,1.421392,0.891558,0.738523,0.093141,results/rectified_dataset/images/busy_6/stop_009/0042.jpg
busy_6,stop_009,0043.jpg,True,,2,9.925112,0.055539,1.408994,0.896841,0.739403,0.086810,results/rectified_dataset/images/busy_6/stop_009/0043.jpg
busy_6,stop_009,0044.jpg,True,,2,9.993717,0.057030,1.400836,0.896643,0.751690,0.123701,results/rectified_dataset/images/busy_6/stop_009/0044.jpg
busy_6,stop_010,0045.jpg,True,,1,9.908090,0.051846,1.423284,0.910635,0.754517,0.064245,results/rectified_dataset/images/busy_6/stop_010/0045.jpg
busy_6,stop_010,0046.jpg,True,,1,10.026251,0.051903,1.448265,0.917405,0.759773,0.076177,results/rectified_dataset/images/busy_6/stop_010/0046.jpg
busy_6,stop_010,0047.jpg,True,,1,10.046010,0.051753,1.455193,0.914758,0.763324,0.081899,results/rectified_dataset/images/busy_6/stop_010/0047.jpg
busy_6,stop_010,0048.jpg,True,,2,10.000700,0.051895,1.440882,0.911493,0.758906,0.079383,results/rectified_dataset/images/busy_6/stop_010/0048.jpg
busy_6,stop_010,0049.jpg,True,,1,9.894567,0.051812,1.418411,0.915794,0.754716,0.061891,results/rectified_dataset/images/busy_6/stop_010/0049.jpg
busy_6,stop_011,0050.jpg,True,,2,10.082074,0.053120,1.442187,0.902572,0.745597,0.108929,results/rectified_dataset/images/busy_6/stop_011/0050.jpg
busy_6,stop_011,0051.jpg,True,,2,10.168234,0.052858,1.458407,0.898119,0.757060,0.123580,results/rectified_dataset/images/busy_6/stop_011/0051.jpg
busy_6,stop_011,0052.jpg,True,,2,10.032208,0.053122,1.435420,0.902600,0.740909,0.097159,results/rectified_dataset/images/busy_6/stop_011/0052.jpg
busy_6,stop_011,0053.jpg,True,,2,10.030860,0.052935,1.426442,0.899419,0.745085,0.108563,results/rectified_dataset/images/busy_6/stop_011/0053.jpg
busy_6,stop_011,0054.jpg,True,,2,10.053103,0.053252,1.430762,0.904812,0.745156,0.109416,results/rectified_dataset/images/busy_6/stop_011/0054.jpg
busy_6,stop_012,0055.jpg,True,,2,9.886826,0.087596,1.417323,0.886114,0.743267,0.063231,results/rectified_dataset/images/busy_6/stop_012/0055.jpg
busy_6,stop_012,0056.jpg,True,,2,9.894424,0.087404,1.420980,0.884171,0.747017,0.061607,results/rectified_dataset/images/busy_6/stop_012/0056.jpg
busy_6,stop_012,0057.jpg,True,,2,9.896706,0.087616,1.427619,0.882071,0.746136,0.054343,results/rectified_dataset/images/busy_6/stop_012/0057.jpg
busy_6,stop_012,0058.jpg,True,,2,9.912546,0.088062,1.424577,0.890823,0.747599,0.060106,results/rectified_dataset/images/busy_6/stop_012/0058.jpg
busy_6,stop_012,0059.jpg,True,,2,9.920358,0.087371,1.424406,0.888111,0.753111,0.063312,results/rectified_dataset/images/busy_6/stop_012/0059.jpg
busy_7,stop_001,0000.jpg,True,,2,9.962141,0.061707,1.415201,0.911640,0.753864,0.074513,results/rectified_dataset/images/busy_7/stop_001/0000.jpg
busy_7,stop_001,0001.jpg,True,,2,9.936839,0.061678,1.417150,0.906121,0.752926,0.063920,results/rectified_dataset/images/busy_7/stop_001/0001.jpg
busy_7,stop_001,0002.jpg,True,,2,10.007200,0.061903,1.425233,0.909205,0.752457,0.085593,results/rectified_dataset/images/busy_7/stop_001/0002.jpg
busy_7,stop_001,0003.jpg,True,,2,9.906233,0.062201,1.397205,0.919087,0.753651,0.066843,results/rectified_dataset/images/busy_7/stop_001/0003.jpg
busy_7,stop_001,0004.jpg,True,,2,9.964471,0.062171,1.413208,0.918712,0.756577,0.071185,results/rectified_dataset/images/busy_7/stop_001/0004.jpg
busy_7,stop_002,0005.jpg,True,,2,9.957348,0.079232,1.417934,0.907999,0.745099,0.077516,results/rectified_dataset/images/busy_7/stop_002/0005.jpg
busy_7,stop_002,0006.jpg,True,,1,10.018032,0.079342,1.434717,0.900141,0.750028,0.086080,results/rectified_dataset/images/busy_7/stop_002/0006.jpg
busy_7,stop_002,0007.jpg,True,,1,9.890293,0.079176,1.412727,0.901562,0.741264,0.059131,results/rectified_dataset/images/busy_7/stop_002/0007.jpg
busy_7,stop_002,0008.jpg,True,,1,9.892726,0.079535,1.412453,0.906582,0.740227,0.057752,results/rectified_dataset/images/busy_7/stop_002/0008.jpg
busy_7,stop_002,0009.jpg,True,,1,9.900501,0.079277,1.416494,0.898506,0.744276,0.058888,results/rectified_dataset/images/busy_7/stop_002/0009.jpg
busy_7,stop_003,0010.jpg,True,,2,9.899304,0.079212,1.416178,0.898201,0.743409,0.059619,results/rectified_dataset/images/busy_7/stop_003/0010.jpg
busy_7,stop_003,0011.jpg,True,,2,9.883121,0.079583,1.399993,0.902194,0.740625,0.073742,results/rectified_dataset/images/busy_7/stop_003/0011.jpg
busy_7,stop_003,0012.jpg,True,,2,9.925213,0.079375,1.416026,0.895023,0.747429,0.072159,results/rectified_dataset/images/busy_7/stop_003/0012.jpg
busy_7,stop_003,0013.jpg,True,,1,9.845174,0.073465,1.416389,0.922990,0.757045,0.044521,results/rectified_dataset/images/busy_7/stop_003/0013.jpg
busy_7,stop_003,0014.jpg,True,,1,9.933845,0.074331,1.415146,0.900456,0.754730,0.068182,results/rectified_dataset/images/busy_7/stop_003/0014.jpg
busy_7,stop_004,0015.jpg,True,,1,9.906801,0.074757,1.406013,0.904651,0.751903,0.066680,results/rectified_dataset/images/busy_7/stop_004/0015.jpg
busy_7,stop_004,0016.jpg,True,,1,9.875751,0.088766,1.404841,0.904117,0.748040,0.056128,results/rectified_dataset/images/busy_7/stop_004/0016.jpg
busy_7,stop_004,0017.jpg,True,,1,9.847082,0.088346,1.391441,0.899896,0.745739,0.065828,results/rectified_dataset/images/busy_7/stop_004/0017.jpg
busy_7,stop_004,0018.jpg,True,,1,9.967635,0.088239,1.424017,0.898793,0.753310,0.074716,results/rectified_dataset/images/busy_7/stop_004/0018.jpg
busy_7,stop_004,0019.jpg,True,,1,9.969818,0.088070,1.419970,0.897793,0.753423,0.082833,results/rectified_dataset/images/busy_7/stop_004/0019.jpg
busy_7,stop_005,0020.jpg,True,,1,9.950519,0.088590,1.420201,0.902407,0.748963,0.072159,results/rectified_dataset/images/busy_7/stop_005/0020.jpg
busy_7,stop_005,0021.jpg,True,,1,9.923412,0.109072,1.414296,0.934453,0.769886,0.040625,results/rectified_dataset/images/busy_7/stop_005/0021.jpg
busy_7,stop_005,0022.jpg,True,,1,9.908843,0.108205,1.413159,0.925726,0.772216,0.040341,results/rectified_dataset/images/busy_7/stop_005/0022.jpg
busy_7,stop_005,0023.jpg,True,,1,9.947687,0.108084,1.424981,0.927323,0.771832,0.041964,results/rectified_dataset/images/busy_7/stop_005/0023.jpg
busy_7,stop_005,0024.jpg,True,,1,9.927767,0.108118,1.414628,0.923027,0.772301,0.050244,results/rectified_dataset/images/busy_7/stop_005/0024.jpg
busy_7,stop_006,0025.jpg,True,,1,9.934678,0.108660,1.417812,0.929477,0.772727,0.043994,results/rectified_dataset/images/busy_7/stop_006/0025.jpg
busy_7,stop_006,0026.jpg,True,,1,9.845913,0.129754,1.420352,0.895867,0.759261,0.049229,results/rectified_dataset/images/busy_7/stop_006/0026.jpg
busy_7,stop_006,0027.jpg,True,,1,9.877242,0.130298,1.421591,0.913369,0.759190,0.049472,results/rectified_dataset/images/busy_7/stop_006/0027.jpg
busy_7,stop_006,0028.jpg,True,,1,9.837773,0.128604,1.415920,0.896399,0.760568,0.050690,results/rectified_dataset/images/busy_7/stop_006/0028.jpg
busy_7,stop_006,0029.jpg,True,,1,9.872221,0.129136,1.420200,0.901602,0.761804,0.057549,results/rectified_dataset/images/busy_7/stop_006/0029.jpg
busy_7,stop_007,0030.jpg,True,,1,9.806297,0.129380,1.406280,0.893157,0.758551,0.053247,results/rectified_dataset/images/busy_7/stop_007/0030.jpg
busy_7,stop_007,0031.jpg,True,,1,9.921185,0.122000,1.418768,0.926041,0.773097,0.052070,results/rectified_dataset/images/busy_7/stop_007/0031.jpg
busy_7,stop_007,0032.jpg,True,,1,9.904281,0.121478,1.418768,0.923957,0.768509,0.046307,results/rectified_dataset/images/busy_7/stop_007/0032.jpg
busy_7,stop_007,0033.jpg,True,,1,9.928368,0.121968,1.423216,0.926277,0.769815,0.053328,results/rectified_dataset/images/busy_7/stop_007/0033.jpg
busy_7,stop_007,0034.jpg,True,,1,9.901243,0.122505,1.417338,0.927899,0.771179,0.044765,results/rectified_dataset/images/busy_7/stop_007/0034.jpg
busy_7,stop_008,0035.jpg,True,,1,9.881274,0.121543,1.411299,0.920696,0.769460,0.053571,results/rectified_dataset/images/busy_7/stop_008/0035.jpg
busy_7,stop_008,0036.jpg,True,,2,9.885987,0.063698,1.402362,0.900156,0.734489,0.077922,results/rectified_dataset/images/busy_7/stop_008/0036.jpg
busy_7,stop_008,0037.jpg,True,,2,9.955454,0.063011,1.422517,0.895611,0.743977,0.080154,results/rectified_dataset/images/busy_7/stop_008/0037.jpg
busy_7,stop_008,0038.jpg,True,,2,9.981719,0.063127,1.425213,0.896847,0.744943,0.087784,results/rectified_dataset/images/busy_7/stop_008/0038.jpg
busy_7,stop_008,0039.jpg,True,,2,9.954385,0.063491,1.418570,0.902499,0.741406,0.082021,results/rectified_dataset/images/busy_7/stop_008/0039.jpg
busy_7,stop_009,0040.jpg,True,,2,9.953314,0.063434,1.418570,0.901184,0.741250,0.082589,results/rectified_dataset/images/busy_7/stop_009/0040.jpg
busy_7,stop_009,0041.jpg,True,,2,9.875720,0.074129,1.398632,0.906715,0.750213,0.061404,results/rectified_dataset/images/busy_7/stop_009/0041.jpg
busy_7,stop_009,0042.jpg,True,,2,9.971730,0.074995,1.417464,0.922151,0.754957,0.067370,results/rectified_dataset/images/busy_7/stop_009/0042.jpg
busy_7,stop_009,0043.jpg,True,,2,9.971380,0.073843,1.419131,0.909012,0.755057,0.074594,results/rectified_dataset/images/busy_7/stop_009/0043.jpg
busy_7,stop_009,0044.jpg,True,,2,10.017742,0.073656,1.432223,0.902042,0.756364,0.083320,results/rectified_dataset/images/busy_7/stop_009/0044.jpg
busy_7,stop_010,0045.jpg,True,,2,9.953328,0.073866,1.417464,0.909406,0.754730,0.067898,results/rectified_dataset/images/busy_7/stop_010/0045.jpg
busy_7,stop_010,0046.jpg,True,,1,10.118661,0.057830,1.455378,0.915866,0.760412,0.087297,results/rectified_dataset/images/busy_7/stop_010/0046.jpg
busy_7,stop_010,0047.jpg,True,,1,10.068287,0.058190,1.434033,0.920278,0.760043,0.089570,results/rectified_dataset/images/busy_7/stop_010/0047.jpg
busy_7,stop_010,0048.jpg,True,,2,10.039277,0.057816,1.438416,0.916223,0.757514,0.073742,results/rectified_dataset/images/busy_7/stop_010/0048.jpg
busy_7,stop_010,0049.jpg,True,,1,10.005774,0.057754,1.435977,0.913218,0.757330,0.062865,results/rectified_dataset/images/busy_7/stop_010/0049.jpg
busy_7,stop_011,0050.jpg,True,,2,9.945249,0.057988,1.419084,0.917232,0.755966,0.054748,results/rectified_dataset/images/busy_7/stop_011/0050.jpg
busy_7,stop_011,0051.jpg,True,,1,9.806248,0.128244,1.409810,0.896067,0.755256,0.050203,results/rectified_dataset/images/busy_7/stop_011/0051.jpg
busy_7,stop_011,0052.jpg,True,,1,9.814020,0.128076,1.410211,0.899952,0.752543,0.052638,results/rectified_dataset/images/busy_7/stop_011/0052.jpg
busy_7,stop_011,0053.jpg,True,,1,9.801862,0.127204,1.411719,0.885217,0.755313,0.052800,results/rectified_dataset/images/busy_7/stop_011/0053.jpg
busy_7,stop_011,0054.jpg,True,,1,9.822432,0.127357,1.410115,0.889869,0.757244,0.062175,results/rectified_dataset/images/busy_7/stop_011/0054.jpg
busy_7,stop_012,0055.jpg,True,,1,9.798306,0.128008,1.404399,0.894418,0.755966,0.054667,results/rectified_dataset/images/busy_7/stop_012/0055.jpg
busy_7,stop_012,0056.jpg,True,,1,9.803208,0.126930,1.405951,0.883314,0.756250,0.063596,results/rectified_dataset/images/busy_7/stop_012/0056.jpg
busy_7,stop_012,0057.jpg,True,,1,9.905944,0.139901,1.419346,0.942604,0.764531,0.046307,results/rectified_dataset/images/busy_7/stop_012/0057.jpg
busy_7,stop_012,0058.jpg,True,,1,9.910069,0.137604,1.424728,0.924720,0.767798,0.052800,results/rectified_dataset/images/busy_7/stop_012/0058.jpg
busy_7,stop_012,0059.jpg,True,,1,9.907070,0.138612,1.420542,0.933895,0.767344,0.050162,results/rectified_dataset/images/busy_7/stop_012/0059.jpg
busy_8,stop_001,0000.jpg,True,,1,9.830628,0.054966,1.391653,0.904060,0.748437,0.052151,results/rectified_dataset/images/busy_8/stop_001/0000.jpg
busy_8,stop_001,0001.jpg,True,,1,10.000723,0.055011,1.423146,0.905182,0.755270,0.086242,results/rectified_dataset/images/busy_8/stop_001/0001.jpg
busy_8,stop_001,0002.jpg,True,,1,9.977343,0.055264,1.416372,0.908018,0.753864,0.083157,results/rectified_dataset/images/busy_8/stop_001/0002.jpg
busy_8,stop_001,0003.jpg,True,,1,10.040318,0.054963,1.429165,0.903762,0.756903,0.097281,results/rectified_dataset/images/busy_8/stop_001/0003.jpg
busy_8,stop_001,0004.jpg,True,,1,9.880075,0.055093,1.404226,0.900623,0.751151,0.059456,results/rectified_dataset/images/busy_8/stop_001/0004.jpg
busy_8,stop_002,0005.jpg,True,,2,9.901375,0.075828,1.416980,0.891747,0.748310,0.060674,results/rectified_dataset/images/busy_8/stop_002/0005.jpg
busy_8,stop_002,0006.jpg,True,,1,9.925323,0.076050,1.416744,0.896655,0.749048,0.068750,results/rectified_dataset/images/busy_8/stop_002/0006.jpg
busy_8,stop_002,0007.jpg,True,,1,9.857200,0.075972,1.402164,0.889097,0.747727,0.062175,results/rectified_dataset/images/busy_8/stop_002/0007.jpg
busy_8,stop_002,0008.jpg,True,,1,9.876087,0.076130,1.403920,0.897795,0.745895,0.063961,results/rectified_dataset/images/busy_8/stop_002/0008.jpg
busy_8,stop_002,0009.jpg,True,,1,9.963901,0.076253,1.425945,0.897267,0.752301,0.071997,results/rectified_dataset/images/busy_8/stop_002/0009.jpg
busy_8,stop_003,0010.jpg,True,,1,9.873275,0.085588,1.406034,0.885075,0.747358,0.067979,results/rectified_dataset/images/busy_8/stop_003/0010.jpg
busy_8,stop_003,0011.jpg,True,,1,9.871849,0.085173,1.406034,0.881016,0.747003,0.070576,results/rectified_dataset/images/busy_8/stop_003/0011.jpg
busy_8,stop_003,0012.jpg,True,,1,9.822287,0.084819,1.397360,0.878250,0.742827,0.063393,results/rectified_dataset/images/busy_8/stop_003/0012.jpg
busy_8,stop_003,0013.jpg,True,,1,9.808873,0.085690,1.392761,0.881916,0.741847,0.061242,results/rectified_dataset/images/busy_8/stop_003/0013.jpg
busy_8,stop_003,0014.jpg,True,,1,9.833913,0.085840,1.399699,0.883514,0.744134,0.062094,results/rectified_dataset/images/busy_8/stop_003/0014.jpg
busy_8,stop_004,0015.jpg,True,,1,9.914588,0.094460,1.416347,0.927983,0.773295,0.040787,results/rectified_dataset/images/busy_8/stop_004/0015.jpg
busy_8,stop_004,0016.jpg,True,,1,9.899914,0.095101,1.411573,0.933906,0.772457,0.035877,results/rectified_dataset/images/busy_8/stop_004/0016.jpg
busy_8,stop_004,0017.jpg,True,,1,9.893836,0.094484,1.403142,0.913106,0.769148,0.050812,results/rectified_dataset/images/busy_8/stop_004/0017.jpg
busy_8,stop_004,0018.jpg,True,,1,9.916595,0.093932,1.406327,0.913227,0.767386,0.053084,results/rectified_dataset/images/busy_8/stop_004/0018.jpg
busy_8,stop_004,0019.jpg,True,,1,9.924832,0.093732,1.409531,0.921261,0.768622,0.051461,results/rectified_dataset/images/busy_8/stop_004/0019.jpg
busy_8,stop_005,0020.jpg,True,,1,9.832004,0.143807,1.420604,0.893623,0.754588,0.056940,results/rectified_dataset/images/busy_8/stop_005/0020.jpg
busy_8,stop_005,0021.jpg,True,,1,9.818740,0.143872,1.420171,0.894786,0.755597,0.052192,results/rectified_dataset/images/busy_8/stop_005/0021.jpg
busy_8,stop_005,0022.jpg,True,,1,9.911064,0.145111,1.438831,0.902863,0.759134,0.062987,results/rectified_dataset/images/busy_8/stop_005/0022.jpg
busy_8,stop_005,0023.jpg,True,,1,9.836492,0.143957,1.421280,0.894809,0.757301,0.058766,results/rectified_dataset/images/busy_8/stop_005/0023.jpg
busy_8,stop_005,0024.jpg,True,,1,9.779238,0.143457,1.413860,0.892285,0.752102,0.045373,results/rectified_dataset/images/busy_8/stop_005/0024.jpg
busy_8,stop_006,0025.jpg,True,,1,9.957941,0.090947,1.427334,0.915165,0.764418,0.044521,results/rectified_dataset/images/busy_8/stop_006/0025.jpg
busy_8,stop_006,0026.jpg,True,,1,9.925453,0.091986,1.408420,0.924063,0.764801,0.048336,results/rectified_dataset/images/busy_8/stop_006/0026.jpg
busy_8,stop_006,0027.jpg,True,,1,9.914987,0.092161,1.396718,0.922595,0.763224,0.063839,results/rectified_dataset/images/busy_8/stop_006/0027.jpg
busy_8,stop_006,0028.jpg,True,,1,9.931604,0.091750,1.412175,0.918398,0.764574,0.051623,results/rectified_dataset/images/busy_8/stop_006/0028.jpg
busy_8,stop_006,0029.jpg,True,,1,9.970627,0.092091,1.417265,0.924097,0.764631,0.061282,results/rectified_dataset/images/busy_8/stop_006/0029.jpg
busy_8,stop_007,0030.jpg,True,,2,9.996371,0.059718,1.431273,0.897607,0.736563,0.092167,results/rectified_dataset/images/busy_8/stop_007/0030.jpg
busy_8,stop_007,0031.jpg,True,,2,9.972068,0.059587,1.429577,0.892893,0.739020,0.084131,results/rectified_dataset/images/busy_8/stop_007/0031.jpg
busy_8,stop_007,0032.jpg,True,,2,9.950054,0.060176,1.423489,0.901019,0.737827,0.076623,results/rectified_dataset/images/busy_8/stop_007/0032.jpg
busy_8,stop_007,0033.jpg,True,,2,10.095292,0.060205,1.443988,0.905012,0.744915,0.111648,results/rectified_dataset/images/busy_8/stop_007/0033.jpg
busy_8,stop_007,0034.jpg,True,,2,10.035083,0.059640,1.441785,0.898323,0.738224,0.094724,results/rectified_dataset/images/busy_8/stop_007/0034.jpg
busy_8,stop_008,0035.jpg,True,,2,9.811938,0.063184,1.389918,0.883686,0.723509,0.079261,results/rectified_dataset/images/busy_8/stop_008/0035.jpg
busy_8,stop_008,0036.jpg,True,,2,9.933463,0.062949,1.413565,0.881494,0.733267,0.100568,results/rectified_dataset/images/busy_8/stop_008/0036.jpg
busy_8,stop_008,0037.jpg,True,,2,10.009853,0.063062,1.429215,0.881900,0.736392,0.113758,results/rectified_dataset/images/busy_8/stop_008/0037.jpg
busy_8,stop_008,0038.jpg,True,,2,9.785868,0.063568,1.377737,0.888966,0.720696,0.081778,results/rectified_dataset/images/busy_8/stop_008/0038.jpg
busy_8,stop_008,0039.jpg,True,,2,9.849723,0.063275,1.401851,0.879276,0.727784,0.081209,results/rectified_dataset/images/busy_8/stop_008/0039.jpg
busy_8,stop_009,0040.jpg,True,,1,9.869849,0.091940,1.404547,0.900366,0.750526,0.054545,results/rectified_dataset/images/busy_8/stop_009/0040.jpg
busy_8,stop_009,0041.jpg,True,,1,9.818243,0.091901,1.395051,0.893446,0.746378,0.050609,results/rectified_dataset/images/busy_8/stop_009/0041.jpg
busy_8,stop_009,0042.jpg,True,,1,9.826805,0.092290,1.391473,0.897493,0.747713,0.055966,results/rectified_dataset/images/busy_8/stop_009/0042.jpg
busy_8,stop_009,0043.jpg,True,,1,9.857247,0.092026,1.399767,0.897802,0.749844,0.057508,results/rectified_dataset/images/busy_8/stop_009/0043.jpg
busy_8,stop_009,0044.jpg,True,,2,9.836929,0.092642,1.391275,0.903251,0.746591,0.057833,results/rectified_dataset/images/busy_8/stop_009/0044.jpg
busy_8,stop_010,0045.jpg,True,,1,9.925575,0.092625,1.417142,0.921255,0.760213,0.047849,results/rectified_dataset/images/busy_8/stop_010/0045.jpg
busy_8,stop_010,0046.jpg,True,,1,9.894963,0.091981,1.407116,0.915509,0.757045,0.052394,results/rectified_dataset/images/busy_8/stop_010/0046.jpg
busy_8,stop_010,0047.jpg,True,,1,9.949221,0.092072,1.423749,0.915303,0.761634,0.054789,results/rectified_dataset/images/busy_8/stop_010/0047.jpg
busy_8,stop_010,0048.jpg,True,,1,9.923959,0.092243,1.415388,0.918761,0.758409,0.052192,results/rectified_dataset/images/busy_8/stop_010/0048.jpg
busy_8,stop_010,0049.jpg,True,,1,9.952145,0.092664,1.418345,0.921765,0.761449,0.058685,results/rectified_dataset/images/busy_8/stop_010/0049.jpg
busy_8,stop_011,0050.jpg,True,,1,9.911047,0.091994,1.410235,0.917789,0.762173,0.051583,results/rectified_dataset/images/busy_8/stop_011/0050.jpg
busy_8,stop_011,0051.jpg,True,,1,9.935446,0.092448,1.418533,0.918781,0.762628,0.051420,results/rectified_dataset/images/busy_8/stop_011/0051.jpg
busy_8,stop_011,0052.jpg,True,,1,9.924637,0.091904,1.415049,0.913478,0.761733,0.055641,results/rectified_dataset/images/busy_8/stop_011/0052.jpg
busy_8,stop_011,0053.jpg,True,,1,9.891676,0.092189,1.412353,0.917694,0.762188,0.038352,results/rectified_dataset/images/busy_8/stop_011/0053.jpg
busy_8,stop_011,0054.jpg,True,,1,9.916389,0.092015,1.413706,0.917078,0.761619,0.050244,results/rectified_dataset/images/busy_8/stop_011/0054.jpg
busy_8,stop_012,0055.jpg,True,,1,9.819243,0.095223,1.398005,0.885541,0.743082,0.063393,results/rectified_dataset/images/busy_8/stop_012/0055.jpg
busy_8,stop_012,0056.jpg,True,,1,9.829670,0.100726,1.394463,0.908831,0.751264,0.048904,results/rectified_dataset/images/busy_8/stop_012/0056.jpg
busy_8,stop_012,0057.jpg,True,,2,9.878979,0.100046,1.411375,0.890007,0.743949,0.070739,results/rectified_dataset/images/busy_8/stop_012/0057.jpg
busy_8,stop_012,0058.jpg,True,,1,9.856709,0.098786,1.406012,0.878443,0.743239,0.078206,results/rectified_dataset/images/busy_8/stop_012/0058.jpg
busy_8,stop_012,0059.jpg,True,,2,9.956523,0.099266,1.426586,0.887030,0.744759,0.091721,results/rectified_dataset/images/busy_8/stop_012/0059.jpg
busy_9,stop_001,0000.jpg,True,,2,10.031177,0.073403,1.440576,0.909500,0.759332,0.084172,results/rectified_dataset/images/busy_9/stop_001/0000.jpg
busy_9,stop_001,0001.jpg,True,,1,10.137436,0.073747,1.462507,0.913599,0.765781,0.099797,results/rectified_dataset/images/busy_9/stop_001/0001.jpg
busy_9,stop_001,0002.jpg,True,,1,10.102859,0.073102,1.454280,0.904145,0.764716,0.102151,results/rectified_dataset/images/busy_9/stop_001/0002.jpg
busy_9,stop_001,0003.jpg,True,,1,10.041168,0.072640,1.446341,0.900278,0.758594,0.087825,results/rectified_dataset/images/busy_9/stop_001/0003.jpg
busy_9,stop_001,0004.jpg,True,,1,10.056034,0.073359,1.450528,0.909631,0.761619,0.079992,results/rectified_dataset/images/busy_9/stop_001/0004.jpg
busy_9,stop_002,0005.jpg,True,,2,10.111674,0.063224,1.457621,0.900451,0.757159,0.099229,results/rectified_dataset/images/busy_9/stop_002/0005.jpg
busy_9,stop_002,0006.jpg,True,,2,10.044827,0.063123,1.442183,0.898482,0.758310,0.088474,results/rectified_dataset/images/busy_9/stop_002/0006.jpg
busy_9,stop_002,0007.jpg,True,,2,10.119693,0.063206,1.458664,0.897711,0.763665,0.100081,results/rectified_dataset/images/busy_9/stop_002/0007.jpg
busy_9,stop_002,0008.jpg,True,,2,10.195545,0.063031,1.475348,0.900449,0.772074,0.107549,results/rectified_dataset/images/busy_9/stop_002/0008.jpg
busy_9,stop_002,0009.jpg,True,,2,10.036366,0.063193,1.441144,0.902975,0.753807,0.084578,results/rectified_dataset/images/busy_9/stop_002/0009.jpg
busy_9,stop_003,0010.jpg,True,,1,10.051505,0.092869,1.464365,0.894561,0.758125,0.089245,results/rectified_dataset/images/busy_9/stop_003/0010.jpg
busy_9,stop_003,0011.jpg,True,,1,9.999203,0.092884,1.453470,0.889106,0.757202,0.083442,results/rectified_dataset/images/busy_9/stop_003/0011.jpg
busy_9,stop_003,0012.jpg,True,,2,9.898766,0.092884,1.429451,0.893080,0.753097,0.066477,results/rectified_dataset/images/busy_9/stop_003/0012.jpg
busy_9,stop_003,0013.jpg,True,,1,10.018563,0.092809,1.453280,0.889456,0.758352,0.093425,results/rectified_dataset/images/busy_9/stop_003/0013.jpg
busy_9,stop_003,0014.jpg,True,,2,9.995558,0.092905,1.450128,0.892083,0.756051,0.085024,results/rectified_dataset/images/busy_9/stop_003/0014.jpg
busy_9,stop_004,0015.jpg,True,,1,9.845005,0.078171,1.404023,0.899394,0.766307,0.050284,results/rectified_dataset/images/busy_9/stop_004/0015.jpg
busy_9,stop_004,0016.jpg,True,,1,9.857025,0.079092,1.400665,0.909297,0.767188,0.053003,results/rectified_dataset/images/busy_9/stop_004/0016.jpg
busy_9,stop_004,0017.jpg,True,,1,9.852268,0.078739,1.400665,0.904499,0.767244,0.054180,results/rectified_dataset/images/busy_9/stop_004/0017.jpg
busy_9,stop_004,0018.jpg,True,,1,9.852146,0.078730,1.404023,0.903821,0.767344,0.049756,results/rectified_dataset/images/busy_9/stop_004/0018.jpg
busy_9,stop_004,0019.jpg,True,,1,9.847786,0.078434,1.404023,0.900762,0.766847,0.050244,results/rectified_dataset/images/busy_9/stop_004/0019.jpg
busy_9,stop_005,0020.jpg,True,,1,9.871053,0.078625,1.407061,0.900397,0.765938,0.057914,results/rectified_dataset/images/busy_9/stop_005/0020.jpg
busy_9,stop_005,0021.jpg,True,,1,9.985882,0.078512,1.436105,0.903910,0.770455,0.070130,results/rectified_dataset/images/busy_9/stop_005/0021.jpg
busy_9,stop_005,0022.jpg,True,,1,10.039331,0.078734,1.444643,0.901470,0.772813,0.085877,results/rectified_dataset/images/busy_9/stop_005/0022.jpg
busy_9,stop_005,0023.jpg,True,,1,9.891432,0.078770,1.398564,0.902223,0.766136,0.079302,results/rectified_dataset/images/busy_9/stop_005/0023.jpg
busy_9,stop_005,0024.jpg,True,,1,9.893767,0.078851,1.410973,0.903735,0.769020,0.060024,results/rectified_dataset/images/busy_9/stop_005/0024.jpg
busy_9,stop_006,0025.jpg,True,,1,10.026305,0.091401,1.453813,0.904751,0.760582,0.068344,results/rectified_dataset/images/busy_9/stop_006/0025.jpg
busy_9,stop_006,0026.jpg,True,,1,10.020664,0.092617,1.451109,0.913865,0.770000,0.054911,results/rectified_dataset/images/busy_9/stop_006/0026.jpg
busy_9,stop_006,0027.jpg,True,,1,10.021856,0.092435,1.445692,0.913501,0.769787,0.063677,results/rectified_dataset/images/busy_9/stop_006/0027.jpg
busy_9,stop_006,0028.jpg,True,,1,10.089397,0.092952,1.465020,0.919366,0.773352,0.063920,results/rectified_dataset/images/busy_9/stop_006/0028.jpg
busy_9,stop_006,0029.jpg,True,,1,10.039746,0.092891,1.445989,0.917252,0.769389,0.069683,results/rectified_dataset/images/busy_9/stop_006/0029.jpg
busy_9,stop_007,0030.jpg,True,,2,10.199155,0.061626,1.476261,0.888965,0.768026,0.112175,results/rectified_dataset/images/busy_9/stop_007/0030.jpg
busy_9,stop_007,0031.jpg,True,,2,10.113125,0.061190,1.456990,0.886811,0.757543,0.106169,results/rectified_dataset/images/busy_9/stop_007/0031.jpg
busy_9,stop_007,0032.jpg,True,,2,10.149303,0.061229,1.468036,0.889973,0.760923,0.103571,results/rectified_dataset/images/busy_9/stop_007/0032.jpg
busy_9,stop_007,0033.jpg,True,,2,10.176616,0.061182,1.475436,0.880429,0.763594,0.111810,results/rectified_dataset/images/busy_9/stop_007/0033.jpg
busy_9,stop_007,0034.jpg,True,,2,10.094812,0.061585,1.450904,0.889583,0.758807,0.102679,results/rectified_dataset/images/busy_9/stop_007/0034.jpg
busy_9,stop_008,0035.jpg,True,,1,9.925152,0.090785,1.429099,0.906228,0.762131,0.060065,results/rectified_dataset/images/busy_9/stop_008/0035.jpg
busy_9,stop_008,0036.jpg,True,,1,9.910626,0.090846,1.425142,0.905799,0.764091,0.057305,results/rectified_dataset/images/busy_9/stop_008/0036.jpg
busy_9,stop_008,0037.jpg,True,,1,10.067864,0.090788,1.464462,0.906686,0.767514,0.077679,results/rectified_dataset/images/busy_9/stop_008/0037.jpg
busy_9,stop_008,0038.jpg,True,,1,10.033744,0.091089,1.450615,0.909039,0.768707,0.078896,results/rectified_dataset/images/busy_9/stop_008/0038.jpg
busy_9,stop_008,0039.jpg,True,,1,9.907692,0.090519,1.422755,0.904258,0.759943,0.063515,results/rectified_dataset/images/busy_9/stop_008/0039.jpg
busy_9,stop_009,0040.jpg,True,,2,10.041079,0.070106,1.453805,0.876521,0.734744,0.101826,results/rectified_dataset/images/busy_9/stop_009/0040.jpg
busy_9,stop_009,0041.jpg,True,,2,10.073915,0.070145,1.460106,0.872715,0.738821,0.109619,results/rectified_dataset/images/busy_9/stop_009/0041.jpg
busy_9,stop_009,0042.jpg,True,,2,9.977223,0.069779,1.441416,0.874252,0.730568,0.091274,results/rectified_dataset/images/busy_9/stop_009/0042.jpg
busy_9,stop_009,0043.jpg,True,,2,10.015574,0.070366,1.443911,0.879353,0.734474,0.101867,results/rectified_dataset/images/busy_9/stop_009/0043.jpg
busy_9,stop_009,0044.jpg,True,,2,10.153690,0.070340,1.468300,0.878283,0.745398,0.131006,results/rectified_dataset/images/busy_9/stop_009/0044.jpg
busy_9,stop_010,0045.jpg,True,,1,9.963284,0.113936,1.440434,0.914025,0.769759,0.067573,results/rectified_dataset/images/busy_9/stop_010/0045.jpg
busy_9,stop_010,0046.jpg,True,,1,9.908960,0.113273,1.432279,0.905658,0.765341,0.059334,results/rectified_dataset/images/busy_9/stop_010/0046.jpg
busy_9,stop_010,0047.jpg,True,,1,9.923787,0.113698,1.436922,0.913775,0.767045,0.053328,results/rectified_dataset/images/busy_9/stop_010/0047.jpg
busy_9,stop_010,0048.jpg,True,,1,9.942086,0.113275,1.434121,0.908659,0.769972,0.069278,results/rectified_dataset/images/busy_9/stop_010/0048.jpg
busy_9,stop_010,0049.jpg,True,,1,9.911723,0.112773,1.434408,0.907196,0.766960,0.055885,results/rectified_dataset/images/busy_9/stop_010/0049.jpg
busy_9,stop_011,0050.jpg,True,,2,9.963049,0.079530,1.446030,0.874472,0.732628,0.087459,results/rectified_dataset/images/busy_9/stop_011/0050.jpg
busy_9,stop_011,0051.jpg,True,,2,9.931805,0.079714,1.440264,0.877135,0.730980,0.078734,results/rectified_dataset/images/busy_9/stop_011/0051.jpg
busy_9,stop_011,0052.jpg,True,,2,10.019913,0.079425,1.453196,0.876192,0.736094,0.102922,results/rectified_dataset/images/busy_9/stop_011/0052.jpg
busy_9,stop_011,0053.jpg,True,,2,10.033117,0.079971,1.453988,0.880061,0.738437,0.103734,results/rectified_dataset/images/busy_9/stop_011/0053.jpg
busy_9,stop_011,0054.jpg,True,,2,9.996034,0.079715,1.447608,0.875692,0.739233,0.097565,results/rectified_dataset/images/busy_9/stop_011/0054.jpg
busy_9,stop_012,0055.jpg,True,,1,9.865537,0.107746,1.419451,0.916106,0.763835,0.046347,results/rectified_dataset/images/busy_9/stop_012/0055.jpg
busy_9,stop_012,0056.jpg,True,,1,9.879776,0.107266,1.424279,0.910093,0.765398,0.050487,results/rectified_dataset/images/busy_9/stop_012/0056.jpg
busy_9,stop_012,0057.jpg,True,,1,9.882889,0.107109,1.427333,0.907530,0.765952,0.049188,results/rectified_dataset/images/busy_9/stop_012/0057.jpg
busy_9,stop_012,0058.jpg,True,,1,9.879852,0.107367,1.426969,0.911427,0.764943,0.046023,results/rectified_dataset/images/busy_9/stop_012/0058.jpg
busy_9,stop_012,0059.jpg,True,,1,9.886146,0.107705,1.424279,0.914245,0.765384,0.050568,results/rectified_dataset/images/busy_9/stop_012/0059.jpg
busy_10,stop_001,0000.jpg,True,,2,9.871257,0.065312,1.404841,0.894493,0.728693,0.075609,results/rectified_dataset/images/busy_10/stop_001/0000.jpg
busy_10,stop_001,0001.jpg,True,,2,10.130547,0.065558,1.460675,0.892311,0.749602,0.111445,results/rectified_dataset/images/busy_10/stop_001/0001.jpg
busy_10,stop_001,0002.jpg,True,,2,10.081969,0.065340,1.453429,0.890437,0.746747,0.101055,results/rectified_dataset/images/busy_10/stop_001/0002.jpg
busy_10,stop_001,0003.jpg,True,,2,10.077659,0.065415,1.453696,0.890195,0.743608,0.101055,results/rectified_dataset/images/busy_10/stop_001/0003.jpg
busy_10,stop_001,0004.jpg,True,,2,10.042142,0.065439,1.447049,0.890534,0.742585,0.093304,results/rectified_dataset/images/busy_10/stop_001/0004.jpg
busy_10,stop_002,0005.jpg,True,,1,9.945951,0.097036,1.422892,0.914556,0.760710,0.053896,results/rectified_dataset/images/busy_10/stop_002/0005.jpg
busy_10,stop_002,0006.jpg,True,,1,9.929268,0.096432,1.419974,0.909564,0.753210,0.059091,results/rectified_dataset/images/busy_10/stop_002/0006.jpg
busy_10,stop_002,0007.jpg,True,,1,9.937206,0.096038,1.427551,0.910318,0.746634,0.057183,results/rectified_dataset/images/busy_10/stop_002/0007.jpg
busy_10,stop_002,0008.jpg,True,,1,9.935622,0.096821,1.422573,0.912304,0.762202,0.049756,results/rectified_dataset/images/busy_10/stop_002/0008.jpg
busy_10,stop_002,0009.jpg,True,,1,9.952827,0.097769,1.419688,0.921315,0.766207,0.052719,results/rectified_dataset/images/busy_10/stop_002/0009.jpg
busy_10,stop_003,0010.jpg,True,,1,9.890031,0.104915,1.421546,0.903128,0.749957,0.054911,results/rectified_dataset/images/busy_10/stop_003/0010.jpg
busy_10,stop_003,0011.jpg,True,,1,9.907535,0.104066,1.429359,0.895257,0.752898,0.056778,results/rectified_dataset/images/busy_10/stop_003/0011.jpg
busy_10,stop_003,0012.jpg,True,,1,9.967237,0.104648,1.439201,0.899556,0.755938,0.068222,results/rectified_dataset/images/busy_10/stop_003/0012.jpg
busy_10,stop_003,0013.jpg,True,,1,9.908649,0.103626,1.429359,0.891938,0.752955,0.059781,results/rectified_dataset/images/busy_10/stop_003/0013.jpg
busy_10,stop_003,0014.jpg,True,,1,9.880798,0.104040,1.421546,0.893940,0.750014,0.057143,results/rectified_dataset/images/busy_10/stop_003/0014.jpg
busy_10,stop_004,0015.jpg,True,,1,10.249002,0.074831,1.534184,0.849896,0.505298,0.435511,results/rectified_dataset/images/busy_10/stop_004/0015.jpg
busy_10,stop_004,0016.jpg,True,,1,10.271548,0.074790,1.529852,0.851291,0.500185,0.443385,results/rectified_dataset/images/busy_10/stop_004/0016.jpg
busy_10,stop_004,0017.jpg,True,,1,10.342710,0.074751,1.512041,0.853344,0.542869,0.419968,results/rectified_dataset/images/busy_10/stop_004/0017.jpg
busy_10,stop_004,0018.jpg,True,,2,9.901821,0.074570,1.414060,0.886533,0.721776,0.088880,results/rectified_dataset/images/busy_10/stop_004/0018.jpg
busy_10,stop_004,0019.jpg,True,,2,10.021708,0.074412,1.444573,0.884656,0.728736,0.101420,results/rectified_dataset/images/busy_10/stop_004/0019.jpg
busy_10,stop_005,0020.jpg,True,,1,9.989135,0.083581,1.433257,0.903454,0.763239,0.061323,results/rectified_dataset/images/busy_10/stop_005/0020.jpg
busy_10,stop_005,0021.jpg,True,,1,10.020461,0.083324,1.441872,0.903701,0.765412,0.062865,results/rectified_dataset/images/busy_10/stop_005/0021.jpg
busy_10,stop_005,0022.jpg,True,,1,9.989476,0.083537,1.436451,0.901726,0.764631,0.057183,results/rectified_dataset/images/busy_10/stop_005/0022.jpg
busy_10,stop_005,0023.jpg,True,,1,10.051843,0.083298,1.447039,0.903225,0.766577,0.070657,results/rectified_dataset/images/busy_10/stop_005/0023.jpg
busy_10,stop_005,0024.jpg,True,,1,10.032775,0.084116,1.445031,0.911795,0.765895,0.058076,results/rectified_dataset/images/busy_10/stop_005/0024.jpg
busy_10,stop_006,0025.jpg,True,,2,9.906610,0.118353,1.445076,0.882240,0.744773,0.060714,results/rectified_dataset/images/busy_10/stop_006/0025.jpg
busy_10,stop_006,0026.jpg,True,,2,9.861172,0.118397,1.426895,0.873811,0.744744,0.071469,results/rectified_dataset/images/busy_10/stop_006/0026.jpg
busy_10,stop_006,0027.jpg,True,,2,9.878702,0.117819,1.425518,0.878261,0.742116,0.079099,results/rectified_dataset/images/busy_10/stop_006/0027.jpg
busy_10,stop_006,0028.jpg,True,,2,9.873925,0.117811,1.437223,0.878200,0.742131,0.060024,results/rectified_dataset/images/busy_10/stop_006/0028.jpg
busy_10,stop_006,0029.jpg,True,,2,9.859664,0.117839,1.432731,0.873299,0.742415,0.063352,results/rectified_dataset/images/busy_10/stop_006/0029.jpg
busy_10,stop_007,0030.jpg,True,,1,10.068885,0.059611,1.452783,0.876389,0.740099,0.110958,results/rectified_dataset/images/busy_10/stop_007/0030.jpg
busy_10,stop_007,0031.jpg,True,,1,10.009943,0.059635,1.440579,0.881152,0.734872,0.099269,results/rectified_dataset/images/busy_10/stop_007/0031.jpg
busy_10,stop_007,0032.jpg,True,,1,10.031375,0.059448,1.450789,0.877544,0.736349,0.096997,results/rectified_dataset/images/busy_10/stop_007/0032.jpg
busy_10,stop_007,0033.jpg,True,,1,10.061835,0.059570,1.449113,0.875179,0.736023,0.116640,results/rectified_dataset/images/busy_10/stop_007/0033.jpg
busy_10,stop_007,0034.jpg,True,,1,10.073954,0.059631,1.457151,0.880713,0.734190,0.108442,results/rectified_dataset/images/busy_10/stop_007/0034.jpg
busy_10,stop_008,0035.jpg,True,,1,10.094310,0.062782,1.449562,0.899816,0.760753,0.095211,results/rectified_dataset/images/busy_10/stop_008/0035.jpg
busy_10,stop_008,0036.jpg,True,,1,9.941594,0.063223,1.418104,0.909078,0.751321,0.063920,results/rectified_dataset/images/busy_10/stop_008/0036.jpg
busy_10,stop_008,0037.jpg,True,,1,9.939035,0.063049,1.417530,0.907654,0.754460,0.062175,results/rectified_dataset/images/busy_10/stop_008/0037.jpg
busy_10,stop_008,0038.jpg,True,,1,9.884209,0.062939,1.411992,0.901388,0.747926,0.052273,results/rectified_dataset/images/busy_10/stop_008/0038.jpg
busy_10,stop_008,0039.jpg,True,,1,10.065820,0.062798,1.446852,0.906432,0.759460,0.080844,results/rectified_dataset/images/busy_10/stop_008/0039.jpg
busy_10,stop_009,0040.jpg,True,,1,10.269683,0.101785,1.465530,0.867991,0.697557,0.245820,results/rectified_dataset/images/busy_10/stop_009/0040.jpg
busy_10,stop_009,0041.jpg,True,,1,10.319914,0.101838,1.473362,0.868435,0.702330,0.256412,results/rectified_dataset/images/busy_10/stop_009/0041.jpg
busy_10,stop_009,0042.jpg,True,,1,10.278052,0.102160,1.459875,0.871183,0.694901,0.257102,results/rectified_dataset/images/busy_10/stop_009/0042.jpg
busy_10,stop_009,0043.jpg,True,,1,10.331203,0.101549,1.496043,0.869793,0.708920,0.271266,results/rectified_dataset/images/busy_10/stop_009/0043.jpg
busy_10,stop_009,0044.jpg,True,,1,10.305785,0.101406,1.473251,0.864757,0.699261,0.253409,results/rectified_dataset/images/busy_10/stop_009/0044.jpg
busy_10,stop_010,0045.jpg,True,,1,9.892979,0.106390,1.423436,0.889334,0.765597,0.055195,results/rectified_dataset/images/busy_10/stop_010/0045.jpg
busy_10,stop_010,0046.jpg,True,,1,9.926126,0.107791,1.420184,0.904665,0.767330,0.064773,results/rectified_dataset/images/busy_10/stop_010/0046.jpg
busy_10,stop_010,0047.jpg,True,,1,9.894368,0.107580,1.418232,0.899192,0.765455,0.056615,results/rectified_dataset/images/busy_10/stop_010/0047.jpg
busy_10,stop_010,0048.jpg,True,,1,9.878413,0.107170,1.412358,0.894790,0.765213,0.060511,results/rectified_dataset/images/busy_10/stop_010/0048.jpg
busy_10,stop_010,0049.jpg,True,,1,9.929195,0.106771,1.430955,0.896373,0.768338,0.055804,results/rectified_dataset/images/busy_10/stop_010/0049.jpg
busy_10,stop_011,0050.jpg,True,,1,9.935622,0.096821,1.422573,0.912304,0.762202,0.049756,results/rectified_dataset/images/busy_10/stop_011/0050.jpg
busy_10,stop_011,0051.jpg,True,,1,9.952827,0.097769,1.419688,0.921315,0.766207,0.052719,results/rectified_dataset/images/busy_10/stop_011/0051.jpg
busy_10,stop_011,0052.jpg,True,,1,9.890031,0.104915,1.421546,0.903128,0.749957,0.054911,results/rectified_dataset/images/busy_10/stop_011/0052.jpg
busy_10,stop_011,0053.jpg,True,,1,10.051843,0.083298,1.447039,0.903225,0.766577,0.070657,results/rectified_dataset/images/busy_10/stop_011/0053.jpg
busy_10,stop_011,0054.jpg,True,,1,10.032775,0.084116,1.445031,0.911795,0.765895,0.058076,results/rectified_dataset/images/busy_10/stop_011/0054.jpg
busy_10,stop_012,0055.jpg,True,,1,10.051843,0.083298,1.447039,0.903225,0.766577,0.070657,results/rectified_dataset/images/busy_10/stop_012/0055.jpg
busy_10,stop_012,0056.jpg,True,,2,9.859664,0.117839,1.432731,0.873299,0.742415,0.063352,results/rectified_dataset/images/busy_10/stop_012/0056.jpg
busy_10,stop_012,0057.jpg,True,,1,10.031375,0.059448,1.450789,0.877544,0.736349,0.096997,results/rectified_dataset/images/busy_10/stop_012/0057.jpg
busy_10,stop_012,0058.jpg,True,,1,9.941594,0.063223,1.418104,0.909078,0.751321,0.063920,results/rectified_dataset/images/busy_10/stop_012/0058.jpg
busy_10,stop_012,0059.jpg,True,,1,9.939035,0.063049,1.417530,0.907654,0.754460,0.062175,results/rectified_dataset/images/busy_10/stop_012/0059.jpg
