class,stop_id,image,success,candidate_count,score,area_ratio,aspect_ratio,rectangularity,white_ratio,dark_ring_ratio
free,stop_001,free/stop_001/0002.jpg,True,1,10.268145,0.061774,1.493248,0.876617,0.758224,0.176867
free,stop_002,free/stop_002/0007.jpg,True,1,10.123400,0.057025,1.544981,0.894687,0.764545,0.160106
free,stop_003,free/stop_003/0012.jpg,True,1,10.370585,0.072562,1.520052,0.874553,0.736293,0.284375
free,stop_004,free/stop_004/0017.jpg,True,1,10.365467,0.081868,1.484663,0.876502,0.759105,0.217898
free,stop_005,free/stop_005/0022.jpg,True,1,10.080308,0.094183,1.449915,0.911218,0.758139,0.101948
free,stop_006,free/stop_006/0027.jpg,True,1,10.106351,0.094504,1.462095,0.899844,0.764801,0.102841
free,stop_007,free/stop_007/0032.jpg,True,1,10.126761,0.082008,1.463324,0.897376,0.768026,0.099148
free,stop_008,free/stop_008/0037.jpg,True,1,10.150988,0.128257,1.502353,0.869538,0.752940,0.197281
free,stop_009,free/stop_009/0042.jpg,True,1,10.030083,0.130514,1.462165,0.897129,0.761747,0.101339
free,stop_010,free/stop_010/0047.jpg,True,1,10.131491,0.099689,1.465742,0.880318,0.751648,0.136445
free,stop_011,free/stop_011/0052.jpg,True,1,10.179927,0.079471,1.476902,0.907560,0.766974,0.096591
free,stop_012,free/stop_012/0057.jpg,True,1,10.158915,0.056271,1.456995,0.902087,0.750597,0.122808
busy_5,stop_001,busy_5/stop_001/0002.jpg,True,1,10.200783,0.054958,1.472094,0.897554,0.769759,0.111201
busy_5,stop_002,busy_5/stop_002/0007.jpg,True,1,10.185874,0.071064,1.471603,0.896834,0.766335,0.113920
busy_5,stop_003,busy_5/stop_003/0012.jpg,True,1,10.158568,0.081779,1.468428,0.912365,0.771435,0.095698
busy_5,stop_004,busy_5/stop_004/0017.jpg,True,1,10.026855,0.090591,1.451047,0.877169,0.748594,0.108036
busy_5,stop_005,busy_5/stop_005/0022.jpg,True,1,10.079675,0.082155,1.442682,0.899209,0.764716,0.104464
busy_5,stop_006,busy_5/stop_006/0027.jpg,True,1,9.934788,0.115327,1.434252,0.902426,0.764190,0.073295
busy_5,stop_007,busy_5/stop_007/0032.jpg,True,1,9.956936,0.078771,1.415684,0.891104,0.753551,0.093222
busy_5,stop_008,busy_5/stop_008/0037.jpg,True,1,9.955873,0.111403,1.434367,0.905107,0.767159,0.076542
busy_5,stop_009,busy_5/stop_009/0042.jpg,True,1,9.916783,0.128799,1.434740,0.895507,0.767955,0.078693
busy_5,stop_010,busy_5/stop_010/0047.jpg,True,1,10.087080,0.064767,1.446565,0.905949,0.763139,0.089489
busy_5,stop_011,busy_5/stop_011/0052.jpg,True,1,10.145823,0.063953,1.456851,0.912992,0.758565,0.102313
busy_5,stop_012,busy_5/stop_012/0057.jpg,True,1,10.071260,0.079803,1.438360,0.911315,0.767940,0.098985
busy_6,stop_001,busy_6/stop_001/0002.jpg,True,1,10.020704,0.063870,1.438576,0.913795,0.753693,0.068912
busy_6,stop_002,busy_6/stop_002/0007.jpg,True,2,9.924556,0.080869,1.432603,0.880957,0.739545,0.064610
busy_6,stop_003,busy_6/stop_003/0012.jpg,True,1,9.915178,0.091774,1.420751,0.900418,0.763026,0.053328
busy_6,stop_004,busy_6/stop_004/0017.jpg,True,1,9.909730,0.118810,1.428507,0.921948,0.769957,0.040747
busy_6,stop_005,busy_6/stop_005/0022.jpg,True,2,9.944905,0.093477,1.426077,0.906668,0.748338,0.069805
busy_6,stop_006,busy_6/stop_006/0027.jpg,True,1,9.948210,0.090640,1.422188,0.908170,0.765966,0.058036
busy_6,stop_007,busy_6/stop_007/0032.jpg,True,2,10.088464,0.080264,1.464217,0.891264,0.741449,0.096875
busy_6,stop_008,busy_6/stop_008/0037.jpg,True,1,9.982515,0.059878,1.428540,0.917445,0.757500,0.058563
busy_6,stop_009,busy_6/stop_009/0042.jpg,True,2,9.963952,0.055212,1.421392,0.891558,0.738523,0.093141
busy_6,stop_010,busy_6/stop_010/0047.jpg,True,1,10.046010,0.051753,1.455193,0.914758,0.763324,0.081899
busy_6,stop_011,busy_6/stop_011/0052.jpg,True,2,10.032208,0.053122,1.435420,0.902600,0.740909,0.097159
busy_6,stop_012,busy_6/stop_012/0057.jpg,True,2,9.896706,0.087616,1.427619,0.882071,0.746136,0.054343
busy_7,stop_001,busy_7/stop_001/0002.jpg,True,2,10.007200,0.061903,1.425233,0.909205,0.752457,0.085593
busy_7,stop_002,busy_7/stop_002/0007.jpg,True,1,9.890293,0.079176,1.412727,0.901562,0.741264,0.059131
busy_7,stop_003,busy_7/stop_003/0012.jpg,True,2,9.925213,0.079375,1.416026,0.895023,0.747429,0.072159
busy_7,stop_004,busy_7/stop_004/0017.jpg,True,1,9.847082,0.088346,1.391441,0.899896,0.745739,0.065828
busy_7,stop_005,busy_7/stop_005/0022.jpg,True,1,9.908843,0.108205,1.413159,0.925726,0.772216,0.040341
busy_7,stop_006,busy_7/stop_006/0027.jpg,True,1,9.877242,0.130298,1.421591,0.913369,0.759190,0.049472
busy_7,stop_007,busy_7/stop_007/0032.jpg,True,1,9.904281,0.121478,1.418768,0.923957,0.768509,0.046307
busy_7,stop_008,busy_7/stop_008/0037.jpg,True,2,9.955454,0.063011,1.422517,0.895611,0.743977,0.080154
busy_7,stop_009,busy_7/stop_009/0042.jpg,True,2,9.971730,0.074995,1.417464,0.922151,0.754957,0.067370
busy_7,stop_010,busy_7/stop_010/0047.jpg,True,1,10.068287,0.058190,1.434033,0.920278,0.760043,0.089570
busy_7,stop_011,busy_7/stop_011/0052.jpg,True,1,9.814020,0.128076,1.410211,0.899952,0.752543,0.052638
busy_7,stop_012,busy_7/stop_012/0057.jpg,True,1,9.905944,0.139901,1.419346,0.942604,0.764531,0.046307
busy_8,stop_001,busy_8/stop_001/0002.jpg,True,1,9.977343,0.055264,1.416372,0.908018,0.753864,0.083157
busy_8,stop_002,busy_8/stop_002/0007.jpg,True,1,9.857200,0.075972,1.402164,0.889097,0.747727,0.062175
busy_8,stop_003,busy_8/stop_003/0012.jpg,True,1,9.822287,0.084819,1.397360,0.878250,0.742827,0.063393
busy_8,stop_004,busy_8/stop_004/0017.jpg,True,1,9.893836,0.094484,1.403142,0.913106,0.769148,0.050812
busy_8,stop_005,busy_8/stop_005/0022.jpg,True,1,9.911064,0.145111,1.438831,0.902863,0.759134,0.062987
busy_8,stop_006,busy_8/stop_006/0027.jpg,True,1,9.914987,0.092161,1.396718,0.922595,0.763224,0.063839
busy_8,stop_007,busy_8/stop_007/0032.jpg,True,2,9.950054,0.060176,1.423489,0.901019,0.737827,0.076623
busy_8,stop_008,busy_8/stop_008/0037.jpg,True,2,10.009853,0.063062,1.429215,0.881900,0.736392,0.113758
busy_8,stop_009,busy_8/stop_009/0042.jpg,True,1,9.826805,0.092290,1.391473,0.897493,0.747713,0.055966
busy_8,stop_010,busy_8/stop_010/0047.jpg,True,1,9.949221,0.092072,1.423749,0.915303,0.761634,0.054789
busy_8,stop_011,busy_8/stop_011/0052.jpg,True,1,9.924637,0.091904,1.415049,0.913478,0.761733,0.055641
busy_8,stop_012,busy_8/stop_012/0057.jpg,True,2,9.878979,0.100046,1.411375,0.890007,0.743949,0.070739
busy_9,stop_001,busy_9/stop_001/0002.jpg,True,1,10.102859,0.073102,1.454280,0.904145,0.764716,0.102151
busy_9,stop_002,busy_9/stop_002/0007.jpg,True,2,10.119693,0.063206,1.458664,0.897711,0.763665,0.100081
busy_9,stop_003,busy_9/stop_003/0012.jpg,True,2,9.898766,0.092884,1.429451,0.893080,0.753097,0.066477
busy_9,stop_004,busy_9/stop_004/0017.jpg,True,1,9.852268,0.078739,1.400665,0.904499,0.767244,0.054180
busy_9,stop_005,busy_9/stop_005/0022.jpg,True,1,10.039331,0.078734,1.444643,0.901470,0.772813,0.085877
busy_9,stop_006,busy_9/stop_006/0027.jpg,True,1,10.021856,0.092435,1.445692,0.913501,0.769787,0.063677
busy_9,stop_007,busy_9/stop_007/0032.jpg,True,2,10.149303,0.061229,1.468036,0.889973,0.760923,0.103571
busy_9,stop_008,busy_9/stop_008/0037.jpg,True,1,10.067864,0.090788,1.464462,0.906686,0.767514,0.077679
busy_9,stop_009,busy_9/stop_009/0042.jpg,True,2,9.977223,0.069779,1.441416,0.874252,0.730568,0.091274
busy_9,stop_010,busy_9/stop_010/0047.jpg,True,1,9.923787,0.113698,1.436922,0.913775,0.767045,0.053328
busy_9,stop_011,busy_9/stop_011/0052.jpg,True,2,10.019913,0.079425,1.453196,0.876192,0.736094,0.102922
busy_9,stop_012,busy_9/stop_012/0057.jpg,True,1,9.882889,0.107109,1.427333,0.907530,0.765952,0.049188
busy_10,stop_001,busy_10/stop_001/0002.jpg,True,2,10.081969,0.065340,1.453429,0.890437,0.746747,0.101055
busy_10,stop_002,busy_10/stop_002/0007.jpg,True,1,9.937206,0.096038,1.427551,0.910318,0.746634,0.057183
busy_10,stop_003,busy_10/stop_003/0012.jpg,True,1,9.967237,0.104648,1.439201,0.899556,0.755938,0.068222
busy_10,stop_004,busy_10/stop_004/0017.jpg,True,1,10.342710,0.074751,1.512041,0.853344,0.542869,0.419968
busy_10,stop_005,busy_10/stop_005/0022.jpg,True,1,9.989476,0.083537,1.436451,0.901726,0.764631,0.057183
busy_10,stop_006,busy_10/stop_006/0027.jpg,True,2,9.878702,0.117819,1.425518,0.878261,0.742116,0.079099
busy_10,stop_007,busy_10/stop_007/0032.jpg,True,1,10.031375,0.059448,1.450789,0.877544,0.736349,0.096997
busy_10,stop_008,busy_10/stop_008/0037.jpg,True,1,9.939035,0.063049,1.417530,0.907654,0.754460,0.062175
busy_10,stop_009,busy_10/stop_009/0042.jpg,True,1,10.278052,0.102160,1.459875,0.871183,0.694901,0.257102
busy_10,stop_010,busy_10/stop_010/0047.jpg,True,1,9.894368,0.107580,1.418232,0.899192,0.765455,0.056615
busy_10,stop_011,busy_10/stop_011/0052.jpg,True,1,9.890031,0.104915,1.421546,0.903128,0.749957,0.054911
busy_10,stop_012,busy_10/stop_012/0057.jpg,True,1,10.031375,0.059448,1.450789,0.877544,0.736349,0.096997
